magnitude,tsunami,significance,num_stations,min_distance,rms,gap,depth,severe
3.83,0,226,17.0,0.469,0.75,252.0,81.0,0
5.0,0,385,67.0,1.426,0.45,65.0,54.695,0
4.0,0,246,60.0,0.836,0.55,200.0,21.943,0
7.6,1,965,272.0,3.158,0.62,12.0,116.0,1
6.2,0,591,74.0,28.267,0.75,69.0,10.0,0
4.0,0,246,14.0,3.243,0.88,162.0,121.675,0
4.2,0,271,20.0,0.759,0.62,84.0,173.267,0
5.2,0,416,164.0,7.673,0.69,31.0,35.288,1
3.72,0,213,15.0,1.0891,0.5,267.0,29.0,0
4.2,0,271,43.0,0.695,0.78,123.0,67.307,0
4.3,0,284,64.0,4.722,0.78,117.0,9.976,0
5.8,0,518,90.0,27.959,0.54,46.0,10.0,0
3.73,0,214,16.0,0.8919,0.39,240.0,24.0,0
3.8,0,222,69.0,0.382,0.61,184.0,46.371,0
2.4,0,89,9.0,0.3,0.2,126.0,4.1084,0
2.31,0,82,83.0,0.09466,0.21,30.0,4.61,0
6.0,0,564,108.0,2.377,0.73,22.0,203.0,0
4.4,0,298,36.0,2.52,0.44,70.0,386.842,0
2.2,0,74,17.0,0.0,0.3,61.0,7.7769,0
3.79,0,221,10.0,1.1094,0.26,303.0,54.0,0
3.0,0,138,37.0,1.064,0.54,65.0,0.0,0
5.2,0,416,67.0,1.866,1.04,88.0,45.383,0
6.2,0,719,146.0,8.189,0.64,22.0,112.0,1
3.2,0,158,40.0,0.239,0.46,181.0,179.013,0
2.0,0,62,11.0,0.1,0.2,80.0,8.0212,0
6.0,0,557,128.0,0.371,0.89,22.0,151.0,0
7.2,1,879,144.0,2.494,1.38,40.0,236.0,1
5.8,0,518,50.0,3.046,0.94,113.0,10.0,0
7.1,1,1077,139.0,2.377,0.72,22.0,500.0,1
7.8,0,2910,266.0,0.165,0.66,17.0,10.0,1
1.7,0,44,23.0,0.0,0.2,67.0,6.0287,0
3.6,0,199,26.0,0.342,0.57,215.0,35.0,0
2.3,0,81,30.0,0.1,0.1,51.0,7.417,0
4.9,0,369,84.0,4.757,1.25,98.0,35.0,0
5.3,0,432,39.0,7.413,0.53,56.0,10.0,0
1.09,0,18,22.0,0.002897,0.02,43.0,1.73,0
3.2,0,158,23.0,0.674,0.9,208.0,19.811,0
3.52,0,191,11.0,0.6471,0.48,293.0,13.0,0
5.2,0,416,111.0,7.331,0.54,70.0,10.0,1
4.6,0,326,38.0,1.802,0.6,126.0,10.0,0
6.0,0,554,267.0,5.141,0.62,52.0,10.0,1
3.6,0,199,52.0,0.694,1.33,160.0,35.0,0
4.0,0,246,14.0,4.131,0.49,78.0,511.216,0
1.06,0,17,15.0,0.00579,0.02,58.0,2.28,0
3.3,0,168,41.0,2.32,0.91,234.0,10.0,0
4.0,0,246,47.0,0.726,1.16,160.0,43.889,0
6.5,0,650,113.0,2.793,0.71,27.0,560.0,1
5.7,0,500,81.0,6.293,0.61,41.0,10.0,0
5.2,0,416,146.0,1.849,0.58,34.0,48.987,1
5.8,0,518,39.0,13.117,1.0,102.0,10.0,0
4.0,0,246,166.0,1.769,0.61,127.0,477.917,0
1.92,0,57,54.0,0.1067,0.14,54.0,11.95,0
2.0,0,62,16.0,0.4331,0.17,80.0,6.27,0
4.2,0,271,30.0,3.176,0.96,124.0,8.63,0
2.6,0,104,27.0,0.74,0.36,219.0,29.703,0
1.05,0,17,38.0,0.01021,0.04,50.0,2.18,0
5.1,0,401,73.0,6.759,0.43,59.0,10.0,0
4.4,0,298,30.0,2.306,0.62,116.0,10.0,0
1.12,0,19,28.0,0.01441,0.08,80.0,5.58,0
6.8,0,718,182.0,5.169,0.77,35.0,596.837,1
5.5,0,465,139.0,6.463,0.83,29.0,10.0,1
3.3,0,168,18.0,0.683,0.52,208.0,35.0,0
4.6,0,326,32.0,3.116,0.48,115.0,145.878,0
5.0,0,385,167.0,1.694,0.88,35.0,104.287,0
6.1,0,648,160.0,0.526,0.49,18.0,162.0,1
5.3,0,432,148.0,1.896,0.71,32.0,22.118,1
4.5,0,312,30.0,4.713,0.76,100.0,532.309,0
4.2,0,271,21.0,1.896,0.71,143.0,10.0,0
4.0,0,246,31.0,2.175,0.99,60.0,10.0,0
3.8,0,222,37.0,0.132,0.44,204.0,56.726,0
5.1,0,401,109.0,3.769,0.71,22.0,161.014,0
6.1,0,573,218.0,3.262,0.89,37.0,10.0,1
6.3,0,637,358.0,2.186,0.64,83.0,34.0,1
7.0,1,757,141.0,1.976,0.95,21.0,29.708,1
6.0,0,560,272.0,0.908,0.51,44.0,37.0,1
7.2,1,805,146.0,2.532,0.89,21.0,179.0,1
6.1,0,573,161.0,3.733,0.84,17.0,125.0,0
5.1,0,400,271.0,7.548,0.63,21.0,10.0,1
5.6,0,483,111.0,1.821,0.51,79.0,44.034,1
6.1,0,572,139.0,8.689,0.3,31.0,25.0,1
5.1,0,400,157.0,2.108,0.75,70.0,35.0,1
1.14,0,20,42.0,0.04722,0.21,61.0,2.92,0
3.95,0,240,15.0,1.2778,0.24,304.0,29.0,0
5.2,0,416,104.0,1.907,0.56,84.0,58.768,1
5.1,0,401,84.0,2.588,0.84,82.0,15.331,0
4.17,0,276,25.0,0.7177,0.22,204.0,14.0,0
2.1,0,68,15.0,0.0,0.1,53.0,7.7769,0
5.4,0,449,109.0,1.656,0.56,45.0,63.645,1
4.4,0,298,22.0,6.465,0.29,138.0,114.713,0
6.4,1,636,173.0,0.613,1.04,29.0,174.0,1
5.2,0,417,259.0,2.103,0.66,43.0,40.403,1
5.7,0,500,111.0,4.489,0.87,40.0,9.929,1
5.3,0,445,26.0,0.513,0.51,248.0,9.0,0
3.8,0,222,69.0,1.861,0.75,189.0,10.0,0
4.5,0,312,20.0,4.381,0.65,117.0,10.0,0
2.05,0,65,9.0,0.1162,0.11,187.0,14.16,0
1.4,0,30,44.0,0.07223,0.25,38.0,17.93,0
6.8,1,762,162.0,1.505,0.87,30.0,220.0,1
5.0,0,385,259.0,8.527,0.63,21.0,10.0,1
4.8,0,367,47.0,0.721,0.79,56.0,12.158,0
3.1,0,148,22.0,0.794,0.49,208.0,35.0,0
4.6,0,326,68.0,4.525,0.75,137.0,35.0,0
6.9,1,736,345.0,0.799,0.61,23.0,211.0,1
1.72,0,46,27.0,0.05192,0.16,104.0,2.03,0
5.1,0,519,104.0,1.306,0.63,32.0,10.117,1
4.5,0,312,34.0,1.012,0.68,54.0,133.502,0
6.2,0,591,90.0,26.873,1.21,55.0,10.0,0
1.76,0,48,79.0,0.09872,0.19,30.0,7.88,0
3.5,0,189,22.0,0.0,0.2,81.0,6.2849,0
3.2,0,158,36.0,0.914,0.6,211.0,35.0,0
3.85,0,228,12.0,1.5406,0.31,328.0,66.0,0
3.0,0,138,37.0,1.064,0.54,65.0,0.0,0
4.9,0,369,52.0,4.298,0.58,86.0,39.183,0
1.1,0,19,66.0,0.082783755,0.39,73.0,6.49,0
4.3,0,284,43.0,5.05,0.77,127.0,35.551,0
3.0,0,138,13.0,0.851,0.34,255.0,35.0,0
6.0,0,554,203.0,18.039,0.62,18.0,8.0,1
1.03,0,16,17.0,0.01945,0.03,125.0,2.1,0
4.2,0,271,26.0,9.164,0.68,78.0,10.0,0
2.8,0,121,13.0,0.676,0.32,213.0,35.0,0
4.2,0,271,17.0,2.772,0.26,112.0,234.85,0
5.1,0,400,112.0,2.716,0.48,59.0,35.0,1
5.1,0,400,83.0,1.826,0.68,103.0,57.126,0
6.0,0,560,124.0,1.632,0.48,72.0,18.0,1
4.3,0,284,33.0,6.39,0.5,134.0,33.193,0
3.5,0,189,117.0,0.5929,0.23,243.0,10.0,0
5.1,0,400,75.0,7.409,0.66,52.0,10.0,0
4.6,0,326,134.0,4.668,0.68,90.0,52.902,0
3.6,0,199,130.0,2.256,0.56,193.0,10.0,0
5.0,0,385,217.0,0.871,0.79,61.0,42.012,1
1.06,0,17,19.0,0.009797,0.02,49.0,1.76,0
6.0,0,1074,206.0,1.557,0.83,15.0,4.0,1
6.0,0,565,144.0,3.782,1.01,26.0,30.0,1
4.5,0,312,70.0,3.797,0.56,85.0,597.838,0
1.73,0,46,15.0,0.3069,0.26,132.0,5.97,0
5.1,0,400,103.0,1.852,0.62,67.0,65.809,1
5.2,0,416,59.0,1.774,0.81,111.0,59.672,0
5.2,0,416,100.0,1.767,0.6,65.0,75.105,0
5.4,0,449,242.0,2.057,0.85,56.0,24.222,1
1.9,0,57,25.0,0.021,0.1874,81.16,5.9,0
6.1,0,572,109.0,8.219,0.66,27.0,630.185,0
1.0,0,15,14.0,0.009144,0.03,138.0,1.31,0
6.1,0,576,138.0,0.796,0.52,32.0,37.0,1
2.2,0,74,10.0,0.1,0.2,71.0,5.6001,0
6.0,0,556,117.0,3.167,0.7,41.0,10.0,1
6.0,0,712,179.0,1.913,0.75,119.0,18.0,1
4.6,0,326,35.0,0.484,0.49,65.0,141.603,0
6.1,0,572,132.0,12.583,0.86,54.0,9.0,1
6.0,0,554,303.0,1.109,0.93,19.0,154.0,0
3.2,0,158,15.0,0.736,0.8,242.0,27.798,0
5.0,0,385,70.0,4.14,0.8,66.0,10.0,0
6.0,0,738,379.0,2.091,0.6,20.0,9.0,1
4.5,0,312,53.0,1.064,0.94,137.0,10.0,0
5.0,0,385,28.0,1.589,0.94,107.0,60.662,0
5.1,0,400,20.0,1.568,0.38,92.0,60.889,0
1.48,0,34,10.0,0.2193,0.21,73.0,7.57,0
4.3,0,284,18.0,0.314,0.65,110.0,156.289,0
4.2,0,271,20.0,1.6,0.51,75.0,32.261,0
4.0,0,246,20.0,0.989,0.95,175.0,38.072,0
6.7,1,814,244.0,1.604,1.02,21.0,52.0,1
7.0,1,755,147.0,3.125,0.73,18.0,579.0,1
3.24,0,162,23.0,0.4819,0.26,238.0,21.66,0
3.6,0,200,24.0,0.258,1.04,173.0,10.0,0
1.7,0,44,21.0,0.0,0.1,46.0,7.4684,0
1.04,0,17,12.0,0.005217,0.02,62.0,1.89,0
4.5,0,312,47.0,1.759,0.7,120.0,31.074,0
3.04,0,142,49.0,0.8772,0.27,284.0,10.06,0
3.29,0,167,9.0,0.2782,0.24,241.0,10.07,0
6.5,0,657,203.0,7.196,0.57,24.0,188.0,1
4.4,0,298,33.0,0.301,0.72,75.0,67.704,0
4.2,0,271,32.0,1.37,0.9,119.0,32.669,0
7.0,1,768,116.0,6.096,0.57,36.0,29.0,1
4.2,0,271,66.0,0.255,0.82,105.0,71.016,0
3.0,0,138,45.0,0.618,0.59,211.0,35.0,0
6.1,0,612,129.0,0.556,0.9,25.0,54.0,1
4.0,0,246,27.0,0.368,0.44,159.0,35.0,0
1.7,0,44,17.0,0.0,0.1,57.0,7.6226,0
4.7,0,340,96.0,12.545,0.55,49.0,10.0,0
6.7,0,791,194.0,0.254,0.68,19.0,9.797,1
5.3,0,432,122.0,1.905,0.82,60.0,16.902,1
3.6,0,199,15.0,0.861,0.57,250.0,35.0,0
4.0,0,246,14.0,4.131,0.49,78.0,511.216,0
1.05,0,17,27.0,0.009039,0.02,35.0,2.64,0
4.2,0,271,40.0,6.237,0.53,117.0,133.548,0
6.2,0,742,104.0,0.814,0.89,94.0,18.0,1
6.2,0,592,163.0,4.366,0.57,37.0,4.0,1
4.2,0,271,18.0,7.404,0.66,142.0,10.0,0
1.15,0,20,62.0,0.01923,0.17,29.0,16.79,0
6.6,1,719,169.0,0.685,0.52,32.0,34.0,1
4.3,0,284,31.0,4.545,0.65,120.0,35.0,0
5.0,0,385,66.0,1.907,0.71,81.0,37.696,0
4.6,0,326,31.0,4.745,0.62,128.0,10.0,0
3.76,0,218,15.0,0.7349,0.68,222.0,13.0,0
5.0,0,385,24.0,2.013,1.04,89.0,10.0,0
5.2,0,416,145.0,2.12,0.53,77.0,44.584,1
5.0,0,385,95.0,2.114,1.01,67.0,62.425,0
5.9,0,2019,157.0,0.748,0.82,12.0,12.0,1
5.3,0,432,132.0,1.889,0.61,65.0,40.843,1
5.2,0,416,95.0,2.166,0.98,44.0,35.0,0
5.5,0,465,70.0,2.557,0.96,65.0,10.0,0
4.4,0,298,22.0,1.867,0.84,132.0,556.561,0
5.8,0,518,77.0,30.899,0.8,38.0,10.0,0
5.2,0,416,108.0,1.623,0.56,64.0,10.0,1
4.2,0,271,17.0,2.424,0.65,116.0,35.0,0
6.0,0,554,130.0,9.178,0.77,24.0,10.0,1
2.31,0,82,43.0,0.01129,0.05,26.0,3.52,0
6.5,1,655,323.0,0.316,0.72,12.0,101.0,1
1.9,0,56,18.0,0.0,0.1,56.0,9.0237,0
3.0,0,138,17.0,0.919,0.35,259.0,10.0,0
4.0,0,246,41.0,0.888,0.75,72.0,261.057,0
6.1,0,606,270.0,8.435,1.04,11.0,129.0,1
3.0,0,138,13.0,1.211,0.37,340.0,35.0,0
3.1,0,148,17.0,0.788,0.45,240.0,35.0,0
5.1,0,400,73.0,17.248,0.6,64.0,35.948,0
4.4,0,298,32.0,6.014,0.87,152.0,120.987,0
5.2,0,416,41.0,2.267,0.9,122.0,10.0,0
3.2,0,158,19.0,2.636,0.55,164.0,10.0,0
1.19,0,22,52.0,0.07541,0.19,43.0,13.57,0
4.2,0,271,16.0,3.827,0.43,136.0,10.0,0
6.1,0,578,275.0,1.758,0.81,13.0,36.091,1
2.6,0,104,19.0,0.1,0.3,58.0,8.1434,0
4.2,0,271,25.0,1.631,0.29,125.0,102.533,0
5.0,0,385,88.0,1.738,0.96,103.0,51.88,0
3.95,0,240,19.0,0.4255,0.88,201.0,10.0,0
5.7,0,500,135.0,2.047,0.83,45.0,27.0,1
4.4,0,298,84.0,4.648,0.39,135.0,58.79,0
2.24,0,77,26.0,0.04178,0.31,50.0,5.67,0
5.1,0,400,205.0,1.765,0.82,70.0,58.845,1
7.0,1,768,117.0,0.509,0.58,17.0,14.0,1
6.3,0,1010,244.0,5.904,0.5,43.0,8.0,1
2.4,0,89,23.0,0.0,0.3,68.0,6.1316,0
6.8,1,711,136.0,4.678,0.74,22.0,630.379,1
5.6,0,482,192.0,1.965,0.63,33.0,64.275,1
4.6,0,326,57.0,1.356,0.55,71.0,68.61,0
2.9,0,129,30.0,0.1,0.2,80.0,6.5783,0
1.9,0,63,20.0,0.017,0.1668,73.03,5.8,0
2.4,0,89,16.0,0.0,0.1,43.0,8.5224,0
6.2,0,598,197.0,1.668,0.73,20.0,42.181,1
3.48,0,190,17.0,0.1749,0.33,166.0,7.0,0
4.6,0,326,50.0,2.912,0.67,86.0,181.294,0
4.3,0,284,20.0,10.268,0.77,209.0,10.0,0
6.5,0,653,236.0,1.999,0.74,31.0,622.73,1
5.1,0,400,72.0,4.184,0.71,66.0,40.222,0
6.1,0,835,111.0,0.857,0.87,64.0,10.0,1
5.1,0,400,95.0,1.93,0.55,91.0,38.877,0
4.7,0,340,18.0,0.871,0.74,153.0,10.0,0
3.0,0,138,16.0,1.415,0.44,270.0,10.0,0
4.3,0,284,30.0,8.783,0.88,93.0,10.0,0
5.0,0,385,104.0,3.335,0.8,39.0,255.387,0
3.5,0,188,21.0,0.54,0.34,211.0,35.0,0
2.4,0,89,16.0,0.0,0.2,67.0,7.4684,0
3.41,0,179,17.0,0.504,0.31,216.0,113.87,0
4.7,0,340,27.0,31.954,0.36,68.0,10.0,0
4.0,0,246,33.0,24.412,0.93,125.0,47.332,0
6.4,0,631,132.0,5.721,0.81,80.0,24.499,1
1.7,0,44,18.0,0.0,0.1,61.0,7.9311,0
5.7,0,500,89.0,1.759,0.94,43.0,52.821,0
5.0,0,385,129.0,2.08,0.62,67.0,10.0,1
5.1,0,400,116.0,1.965,0.85,67.0,49.809,1
7.0,1,755,147.0,3.125,0.73,18.0,579.0,1
1.1,0,19,17.0,0.005961,0.01,83.0,1.86,0
4.4,0,298,39.0,4.922,0.97,101.0,520.507,0
4.2,0,271,27.0,1.032,0.78,163.0,61.978,0
3.8,0,222,20.0,0.318,0.25,179.0,64.991,0
4.0,0,246,16.0,2.955,0.39,107.0,59.485,0
3.2,0,158,32.0,0.506,0.63,207.0,35.0,0
4.0,0,246,16.0,2.031,0.31,134.0,10.0,0
3.9,0,234,68.0,0.747,0.5,198.0,35.0,0
6.3,0,611,155.0,28.223,0.38,33.0,10.0,1
1.94,0,58,12.0,0.05328,0.16,73.0,11.98,0
6.0,1,569,228.0,1.719,0.65,54.0,7.0,1
4.8,0,354,112.0,1.602,0.68,77.0,10.0,0
5.0,0,385,49.0,1.885,0.41,117.0,43.054,0
7.6,1,910,380.0,3.744,0.7,15.0,210.0,1
4.0,0,246,16.0,2.243,0.58,125.0,399.85,0
3.84,0,227,14.0,0.4007,0.39,236.0,138.0,0
5.3,0,432,46.0,20.547,0.71,96.0,10.0,0
2.21,0,75,5.0,0.09899,0.03,247.0,12.58,0
6.1,0,584,233.0,1.582,0.6,49.0,20.0,1
6.1,0,573,91.0,2.968,0.92,62.0,10.0,0
4.6,0,326,60.0,0.466,0.55,99.0,22.322,0
5.3,0,432,78.0,10.493,0.89,66.0,10.0,0
6.3,0,613,110.0,5.859,0.83,35.0,10.0,1
5.0,0,385,263.0,8.757,0.66,36.0,10.0,1
4.6,0,326,16.0,2.02,0.36,109.0,10.0,0
4.2,0,271,41.0,1.323,0.51,112.0,311.398,0
2.71,0,113,60.0,0.09915,0.07,179.0,4.99,0
3.8,0,222,49.0,0.353,0.54,128.0,192.996,0
4.8,0,355,75.0,3.301,0.6,36.0,80.593,0
1.8,0,50,15.0,0.0,0.1,59.0,7.1213,0
6.6,1,679,171.0,3.741,0.56,21.0,79.0,1
3.9,0,234,36.0,0.0,0.1,54.0,7.7383,0
4.4,0,298,23.0,6.488,0.76,74.0,10.0,0
5.2,0,416,163.0,2.121,0.81,80.0,173.775,0
5.4,0,449,122.0,1.869,0.73,95.0,58.952,1
3.0,0,138,19.0,0.5,0.32,223.0,35.0,0
2.36,0,86,14.0,0.2459,0.25,92.0,9.03,0
1.2,0,22,66.0,0.08802,0.2,23.0,15.56,0
4.2,0,271,18.0,1.492,0.5,97.0,153.996,0
3.1,0,148,29.0,0.1,0.1,53.0,7.1085,0
2.2,0,74,13.0,0.543,0.42,98.0,10.0,0
3.8,0,222,35.0,5.642,0.59,113.0,421.1,0
3.0,0,138,17.0,0.919,0.35,259.0,10.0,0
4.3,0,284,36.0,2.149,0.78,127.0,10.0,0
6.2,0,591,142.0,5.98,0.64,15.0,18.0,1
6.0,0,889,191.0,2.137,0.67,19.0,16.0,1
1.6,0,39,19.0,0.0,0.1,67.0,7.5841,0
4.2,0,271,17.0,1.96,0.49,138.0,62.659,0
2.1,0,68,16.0,0.3,0.4,89.0,9.0483,0
5.3,0,432,91.0,1.962,0.77,80.0,48.422,0
2.38,0,92,44.0,0.0615,0.07,69.0,5.89,0
3.0,0,138,14.0,2.479,0.19,311.0,10.0,0
4.5,0,312,70.0,1.343,0.62,195.0,15.311,0
6.9,1,734,328.0,4.871,0.42,33.0,22.163,1
4.6,0,326,34.0,2.61,0.77,116.0,10.0,0
1.6,0,39,19.0,0.0,0.1,63.0,6.5686,0
2.7,0,113,7.0,0.1035,0.05,216.0,17.76,0
4.7,0,340,64.0,4.436,0.52,115.0,10.0,0
3.9,0,234,42.0,1.552,0.56,272.0,35.0,0
3.9,0,234,79.0,0.662,0.57,228.0,46.447,0
6.5,1,650,125.0,10.987,0.68,37.0,11.0,1
6.8,0,711,82.0,9.411,0.96,33.0,28.0,1
4.0,0,246,13.0,3.023,0.26,101.0,10.0,0
4.3,0,284,71.0,4.533,0.57,94.0,49.497,0
3.5,0,188,50.0,0.843,0.35,166.0,35.0,0
6.0,0,666,138.0,0.356,0.54,25.0,8.516,1
4.3,0,284,14.0,5.111,0.95,196.0,10.144,0
4.4,0,298,67.0,5.188,0.8,43.0,534.953,0
3.73,0,214,13.0,1.283,0.51,307.0,36.0,0
4.8,0,354,55.0,5.586,0.61,67.0,92.869,0
1.04,0,17,34.0,0.1574690992,0.26,54.0,12.11,0
5.4,0,449,75.0,6.216,0.51,39.0,10.0,0
4.5,0,312,81.0,4.669,0.89,80.0,46.877,0
6.5,0,652,156.0,4.647,0.9,34.0,31.0,1
5.4,0,449,172.0,4.614,0.51,38.0,10.0,1
3.1,0,148,9.0,1.336,0.67,300.0,10.0,0
6.1,0,572,284.0,16.565,0.8,19.0,10.0,1
6.2,0,600,275.0,4.083,0.51,21.0,31.11,1
3.0,0,138,30.0,0.83,0.52,207.0,35.0,0
4.1,0,259,26.0,4.661,0.58,152.0,10.0,0
4.0,0,246,59.0,2.965,0.5,141.0,444.772,0
4.3,0,284,40.0,0.935,1.26,55.0,135.158,0
4.3,0,284,29.0,6.226,0.38,75.0,510.158,0
6.0,0,559,115.0,3.451,0.74,21.0,68.0,1
3.6,0,199,47.0,0.002,0.7,91.0,9.669,0
4.9,0,370,114.0,0.908,0.43,34.0,10.0,0
3.27,0,165,3.0,0.4655,0.12,334.0,80.33,0
4.8,0,354,51.0,1.051,0.66,135.0,38.266,0
6.5,1,729,113.0,2.12,0.62,87.0,13.0,1
4.5,0,312,101.0,0.974,0.55,92.0,45.185,0
5.6,0,482,193.0,1.473,0.65,46.0,10.0,1
1.07,0,18,56.0,0.04737,0.18,36.0,14.4,0
3.5,0,188,19.0,0.326,0.61,201.0,73.874,0
3.6,0,199,18.0,0.761,0.49,234.0,30.27,0
4.7,0,340,100.0,10.228,0.66,98.0,10.0,0
3.64,0,204,7.0,0.4614,0.29,343.0,53.0,0
5.0,0,387,86.0,5.954,0.71,39.0,39.974,0
1.03,0,16,41.0,0.1109,0.21,72.0,5.26,0
4.9,0,373,98.0,1.318,0.7,44.0,10.0,0
6.2,1,594,119.0,2.994,0.53,25.0,34.0,1
5.3,0,432,63.0,4.577,0.69,75.0,10.0,0
1.9,0,56,22.0,0.1,0.2,69.0,7.3656,0
4.7,0,340,40.0,3.208,0.52,112.0,47.429,0
6.5,0,785,156.0,0.706,1.08,65.0,70.808,1
3.26,0,164,22.0,0.8666,0.19,224.0,19.68,0
3.1,0,148,13.0,1.277,0.26,273.0,10.0,0
3.0,0,138,36.0,1.03,0.44,217.0,35.0,0
2.31,0,82,15.0,0.05846,0.23,131.0,15.16,0
4.2,0,271,50.0,3.73,0.8,89.0,571.099,0
4.7,0,340,39.0,0.965,0.51,81.0,145.952,0
3.3,0,168,37.0,0.526,0.44,200.0,35.0,0
5.4,0,449,75.0,25.313,0.82,49.0,10.0,0
4.1,0,259,43.0,1.066,1.09,78.0,28.035,0
5.0,0,385,50.0,7.033,0.96,86.0,10.0,0
7.1,1,778,134.0,0.697,0.53,23.0,46.755,1
1.6,0,40,20.0,0.02,0.1649,80.72,6.1,0
2.8,0,121,15.0,0.994,0.69,99.0,0.0,0
1.25,0,24,8.0,0.5509,0.38,144.0,5.12,0
4.2,0,271,22.0,0.27,0.46,113.0,164.91,0
2.13,0,70,24.0,0.1254,0.36,141.0,9.61,0
5.4,0,449,140.0,1.898,0.52,44.0,63.392,1
6.1,0,638,274.0,1.127,0.63,28.0,346.0,1
4.2,0,271,41.0,1.797,0.46,141.0,10.0,0
4.8,0,354,19.0,12.679,0.63,159.0,10.0,0
3.96,0,241,9.0,1.78,0.47,224.0,116.0,0
3.4,0,178,17.0,0.0,0.2,70.0,9.5507,0
5.3,0,432,118.0,1.769,0.66,67.0,54.945,1
5.0,0,385,87.0,7.375,0.52,51.0,10.0,0
1.34,0,28,13.0,0.131,0.21,78.0,5.0,0
4.2,0,271,26.0,3.6,0.79,108.0,47.02,0
2.5,0,96,15.0,0.0,0.1,57.0,8.1882,0
4.4,0,298,20.0,4.103,0.73,81.0,23.324,0
4.5,0,312,64.0,1.649,0.94,43.0,25.954,0
4.0,0,246,16.0,2.955,0.39,107.0,59.485,0
2.27,0,79,29.0,0.08268,0.23,117.0,6.24,0
5.0,0,385,60.0,3.421,0.9,124.0,10.0,0
5.0,0,385,66.0,6.688,0.69,44.0,155.602,0
3.02,0,141,19.0,0.1873,0.14,244.0,78.81,0
6.4,0,633,295.0,5.194,0.8,16.0,580.0,1
6.1,0,573,120.0,1.135,0.58,50.0,10.0,1
5.0,0,385,133.0,1.56,0.61,32.0,336.23,0
3.0,0,138,10.0,0.503,0.24,304.0,71.738,0
5.3,0,432,54.0,1.937,0.62,88.0,54.05,0
1.8,0,50,18.0,0.0,0.1,60.0,7.674,0
5.0,0,385,101.0,1.831,0.76,65.0,60.007,1
4.6,0,327,55.0,0.56,0.89,69.0,64.467,0
4.0,0,246,30.0,1.143,0.35,55.0,10.0,0
5.6,0,482,121.0,4.565,0.57,27.0,9.0,1
2.1,0,68,15.0,0.0,0.1,71.0,8.0211,0
4.5,0,312,17.0,1.513,0.55,81.0,10.0,0
5.0,0,385,133.0,1.56,0.61,32.0,336.23,0
6.6,1,671,302.0,4.329,0.9,16.0,15.0,1
3.2,0,158,18.0,0.201,0.25,203.0,25.74,0
3.3,0,168,26.0,1.267,0.64,230.0,35.0,0
5.4,0,449,57.0,1.699,1.2,39.0,10.0,0
3.0,0,138,13.0,1.211,0.37,340.0,35.0,0
6.4,0,637,129.0,1.55,0.65,20.0,72.0,1
2.9,0,129,13.0,1.081,0.71,114.0,0.0,0
4.0,0,246,11.0,1.209,0.65,93.0,10.0,0
2.18,0,73,7.0,0.586,0.14,235.0,-0.51,0
5.2,0,416,46.0,1.659,0.81,105.0,74.57,0
4.4,0,298,16.0,2.671,0.95,107.0,10.0,0
4.3,0,284,20.0,2.225,1.09,158.0,10.0,0
6.7,1,692,120.0,6.575,0.55,23.0,13.0,1
6.4,1,632,198.0,6.734,0.62,27.0,13.0,1
6.1,0,615,193.0,5.476,0.6,38.0,8.0,1
2.14,0,79,13.0,0.03073,0.31,64.0,4.43,0
2.2,0,74,12.0,0.7,0.4,92.0,6.2115,0
3.0,0,139,11.0,0.2157,0.15,195.0,49.35,0
3.0,0,138,39.0,1.01,0.66,217.0,35.0,0
3.3,0,168,16.0,0.517,0.38,183.0,80.504,0
2.9,0,129,16.0,2.056,0.35,247.0,35.0,0
4.1,0,259,10.0,1.348,0.41,141.0,91.774,0
4.3,0,284,31.0,2.048,0.46,93.0,132.833,0
4.7,0,340,104.0,1.506,0.52,68.0,55.741,0
5.1,0,400,114.0,1.73,0.63,61.0,35.0,1
5.8,0,518,133.0,1.379,0.76,35.0,265.0,0
5.2,0,416,83.0,3.985,0.98,60.0,10.0,0
1.8,0,50,22.0,0.0,0.1,38.0,8.2782,0
5.0,0,385,61.0,1.76,0.66,90.0,55.396,0
4.6,0,326,20.0,35.788,0.46,65.0,10.0,0
3.8,0,222,36.0,0.681,0.51,202.0,45.272,0
3.0,0,138,21.0,1.67,0.74,229.0,17.499,0
4.3,0,284,15.0,4.025,0.66,138.0,258.652,0
6.2,0,593,233.0,2.382,0.54,47.0,248.0,0
3.0,0,138,23.0,0.732,0.59,218.0,35.0,0
4.0,0,246,13.0,3.023,0.26,101.0,10.0,0
5.0,0,385,73.0,2.256,0.57,73.0,10.356,0
6.2,0,605,118.0,3.264,1.32,19.0,49.0,1
2.29,0,81,59.0,0.04761,0.15,61.0,2.77,0
6.3,1,611,248.0,0.345,1.2,31.0,73.0,1
1.05,0,17,55.0,0.0722,0.2,48.0,11.18,0
6.6,1,672,156.0,2.725,0.76,11.0,600.933,1
4.9,0,369,13.0,27.662,0.42,128.0,10.0,0
5.0,0,385,66.0,4.692,1.17,55.0,21.83,0
4.4,0,298,46.0,10.598,0.57,212.0,10.0,0
5.1,0,400,94.0,1.803,0.84,80.0,46.561,0
2.42,0,90,10.0,0.06635,0.12,212.0,9.17,0
4.1,0,259,49.0,1.614,0.5,176.0,83.572,0
4.5,0,312,25.0,2.531,1.1,129.0,10.0,0
2.22,0,76,6.0,0.06968,0.05,224.0,17.1,0
1.2,0,22,39.0,0.007523,0.05,40.0,1.39,0
1.5,0,35,30.0,0.02558,0.12,50.0,8.91,0
6.0,0,554,176.0,1.813,0.58,42.0,9.0,1
6.3,0,616,178.0,3.065,0.98,36.0,40.0,1
4.4,0,298,19.0,1.923,0.69,132.0,10.0,0
5.0,0,385,113.0,1.751,0.51,81.0,77.532,0
1.0,0,15,15.0,0.011,0.2087,77.29,5.6,0
4.3,0,284,15.0,7.7,0.41,130.0,10.0,0
7.1,0,779,142.0,5.771,0.7,53.0,6.0,1
4.6,0,326,36.0,1.08,0.59,88.0,47.743,0
5.3,0,432,71.0,1.89,0.89,80.0,57.029,0
6.9,0,761,300.0,1.807,0.51,12.0,9.0,1
5.1,0,400,116.0,4.499,0.67,25.0,87.171,0
5.0,0,385,127.0,5.974,0.75,74.0,10.0,1
7.0,1,796,154.0,3.044,0.83,20.0,70.0,1
5.4,0,449,54.0,1.343,1.14,56.0,10.0,0
1.0,0,15,16.0,0.017,0.1489,79.79,5.1,0
4.0,0,246,45.0,0.302,0.41,124.0,221.301,0
4.5,0,312,23.0,2.522,0.39,105.0,10.0,0
6.9,1,733,127.0,0.371,0.97,45.0,10.0,1
2.7,0,112,14.0,0.231,0.53,158.0,100.643,0
4.4,0,298,52.0,2.254,0.91,79.0,224.789,0
6.9,1,741,108.0,1.181,0.96,21.0,229.0,1
6.2,0,603,200.0,0.638,0.34,34.0,21.0,1
5.2,0,416,84.0,7.194,0.53,69.0,10.0,0
6.4,0,631,126.0,3.301,0.65,31.0,78.0,1
7.0,1,1364,152.0,5.276,0.6,22.0,33.729,1
5.2,0,416,54.0,1.51,1.17,81.0,60.964,0
5.0,0,385,110.0,4.664,0.75,93.0,42.223,1
5.2,0,416,89.0,1.811,0.86,33.0,10.0,0
5.1,0,400,67.0,2.46,0.7,85.0,10.0,0
3.2,0,158,27.0,0.818,1.02,230.0,35.0,0
5.6,0,494,271.0,0.404,0.86,51.0,61.708,1
6.1,0,679,259.0,2.102,0.57,51.0,42.0,1
2.6,0,104,15.0,0.055,0.24,179.0,150.014,0
4.1,0,259,13.0,2.713,0.69,220.0,70.751,0
3.4,0,178,14.0,0.7894,0.28,248.0,11.87,0
2.0,0,62,11.0,0.1,0.4,77.0,4.9643,0
4.4,0,298,44.0,12.985,0.76,61.0,10.0,0
3.2,0,158,38.0,0.1,0.1,37.0,7.5198,0
5.1,0,400,93.0,2.046,0.46,44.0,10.0,0
3.4,0,403,34.0,0.063,0.1648,71.91,7.0,0
4.1,0,259,12.0,1.959,0.31,154.0,114.245,0
4.0,0,246,33.0,24.412,0.93,125.0,47.332,0
4.0,0,246,16.0,2.243,0.58,125.0,399.85,0
5.0,0,385,101.0,6.629,0.53,49.0,10.0,1
3.4,0,178,16.0,0.939,0.8,76.0,0.0,0
6.1,0,577,105.0,1.691,0.89,17.0,82.297,0
5.1,0,401,49.0,1.495,0.76,116.0,10.0,0
4.5,0,312,33.0,3.657,0.54,45.0,120.353,0
4.8,0,354,63.0,3.487,0.56,54.0,72.584,0
3.2,0,158,21.0,0.837,0.51,247.0,35.0,0
6.3,0,613,255.0,4.729,0.75,21.0,237.0,1
4.4,0,298,77.0,1.032,0.72,29.0,10.0,0
4.5,0,312,16.0,12.901,0.2,133.0,9.608,0
7.3,1,833,149.0,1.865,0.62,21.0,37.0,1
3.75,0,218,179.0,0.6969,0.27,236.0,10.0,0
5.7,0,500,81.0,1.803,0.52,48.0,45.264,0
5.7,0,500,194.0,4.729,0.54,55.0,19.0,1
1.87,0,54,89.0,0.0303,0.19,26.0,16.63,0
6.0,0,554,176.0,1.813,0.58,42.0,9.0,1
2.4,0,89,17.0,0.0,0.3,70.0,6.6714,0
2.7,0,112,10.0,0.736,0.147,179.01,0.4,0
6.2,0,592,201.0,4.581,0.64,34.0,554.0,0
5.9,0,536,88.0,2.527,0.98,30.0,10.0,0
3.0,0,138,17.0,0.38,0.5,236.0,13.445,0
5.0,0,385,68.0,1.875,1.11,64.0,10.0,0
2.0,0,62,14.0,0.0,0.1,75.0,7.2627,0
4.4,0,299,60.0,0.993,0.88,45.0,10.0,0
4.3,0,284,79.0,0.526,0.54,102.0,71.322,0
4.2,0,271,22.0,1.386,0.58,152.0,37.186,0
6.8,1,1179,175.0,2.137,0.66,92.0,20.0,1
4.6,0,326,34.0,1.16,0.68,171.0,50.462,0
3.5,0,188,29.0,0.1,0.1,55.0,7.674,0
5.4,0,449,142.0,1.602,0.71,54.0,61.311,1
1.8,0,52,25.0,0.017,0.1573,73.08,6.0,0
1.09,0,18,9.0,0.01371,0.01,103.0,2.39,0
5.0,0,385,89.0,1.811,0.86,55.0,61.143,0
5.2,0,416,52.0,2.618,0.49,121.0,10.0,0
3.2,0,158,16.0,1.767,0.92,237.0,10.0,0
4.4,0,298,28.0,2.783,0.88,76.0,526.277,0
3.33,0,171,19.0,1.003,0.34,313.0,28.28,0
4.0,0,251,13.0,0.32,0.6,182.0,10.0,0
4.6,0,326,63.0,21.509,0.63,160.0,10.0,0
4.0,0,247,17.0,0.294,0.63,132.0,86.524,0
4.3,0,284,12.0,3.007,0.65,196.0,10.0,0
2.1,0,68,20.0,0.0,0.2,88.0,5.7717,0
7.0,1,768,117.0,0.509,0.58,17.0,14.0,1
3.6,0,199,24.0,2.329,1.0,94.0,19.229,0
5.7,0,502,88.0,2.355,0.6,131.0,14.0,0
6.6,1,709,135.0,1.822,0.83,32.0,19.0,1
1.6,0,39,9.0,0.433,0.1265,254.83,7.6,0
5.8,0,518,123.0,1.879,0.62,84.0,61.655,1
5.7,0,500,143.0,4.978,0.53,96.0,10.0,1
4.7,0,340,106.0,7.258,0.43,47.0,203.133,0
3.3,0,168,19.0,0.19,0.3,201.0,27.685,0
6.9,1,733,107.0,10.102,0.51,37.0,10.0,1
6.1,0,574,161.0,7.084,0.63,16.0,185.0,0
4.5,0,312,31.0,2.094,0.8,116.0,10.0,0
3.18,0,156,4.0,0.6083,0.07,309.0,12.33,0
3.5,0,188,19.0,1.744,0.26,319.0,10.0,0
5.0,0,385,47.0,2.128,0.72,126.0,35.0,0
5.6,0,482,94.0,1.953,0.52,43.0,36.128,0
7.5,0,2477,111.0,0.73,0.7,29.0,7.432,1
4.0,0,246,21.0,2.54,1.05,68.0,495.388,0
3.7,0,211,42.0,1.026,0.73,157.0,10.0,0
2.6,0,104,29.0,0.783,0.4,221.0,10.0,0
5.1,0,402,163.0,0.434,0.5,26.0,72.197,0
6.7,0,692,179.0,1.598,0.42,28.0,10.0,1
6.2,0,617,143.0,1.064,0.53,31.0,121.0,1
3.8,0,222,40.0,0.763,0.85,216.0,35.0,0
1.7,0,44,19.0,0.0,0.1,71.0,6.7743,0
5.0,0,385,65.0,12.772,0.59,54.0,10.0,0
5.2,0,416,166.0,2.129,0.49,81.0,49.291,1
3.0,0,138,33.0,2.412,0.4,260.0,10.0,0
2.17,0,72,7.0,0.1463,0.07,260.0,7.41,0
5.0,0,385,86.0,3.719,1.04,65.0,35.594,0
7.2,1,912,410.0,0.973,0.69,62.0,25.0,1
3.7,0,211,62.0,0.799,0.54,195.0,35.0,0
1.6,0,39,16.0,0.0,0.1,57.0,7.5069,0
4.3,0,284,32.0,4.584,0.71,104.0,553.034,0
6.2,1,889,164.0,0.494,0.75,61.0,10.0,1
5.1,0,400,95.0,1.546,0.74,56.0,60.367,0
3.8,0,224,32.0,0.066,0.4,59.0,6.816,0
5.0,0,385,140.0,3.002,0.66,69.0,51.179,1
4.4,0,298,52.0,1.453,0.8,126.0,79.396,0
2.4,0,89,8.0,0.3,0.4,125.0,4.2307,0
4.3,0,284,16.0,1.979,0.54,88.0,10.0,0
5.3,0,432,32.0,17.061,0.94,78.0,10.0,0
4.3,0,284,28.0,4.882,0.75,132.0,44.541,0
3.2,0,158,8.0,0.6004,0.24,313.0,15.35,0
1.0,0,15,7.0,0.009,0.165,96.48,5.2,0
2.3,0,81,8.0,0.3,0.2,127.0,14.8193,0
3.43,0,181,16.0,0.615,0.14,249.0,34.63,0
2.04,0,64,21.0,0.05019,0.28,53.0,4.44,0
6.0,0,554,142.0,1.136,0.57,24.0,222.0,0
4.1,0,259,52.0,0.771,0.95,39.0,10.0,0
5.1,0,400,91.0,1.613,0.53,114.0,45.673,0
2.78,0,131,64.0,0.04029,0.08,52.0,4.27,0
3.5,0,188,36.0,0.723,0.54,213.0,35.0,0
7.0,1,768,116.0,6.096,0.57,36.0,29.0,1
6.0,0,554,178.0,2.433,0.46,62.0,20.0,1
4.0,0,246,12.0,0.807,0.56,76.0,10.0,0
3.2,0,158,16.0,0.651,0.33,179.0,35.0,0
5.5,0,465,157.0,2.279,0.43,80.0,26.021,1
5.1,0,400,108.0,2.021,0.61,66.0,59.088,1
1.7,0,44,19.0,0.0,0.1,66.0,6.5815,0
1.36,0,28,22.0,0.05119,0.06,156.0,5.15,0
2.9,0,129,20.0,1.944,0.68,237.0,18.816,0
6.0,0,554,117.0,5.93,0.72,18.0,523.0,0
6.3,0,660,340.0,0.412,0.74,19.0,36.0,1
3.07,0,207,50.0,0.003138,0.08,111.0,6.22,0
6.5,1,749,178.0,0.43,0.75,54.0,10.0,1
4.4,0,298,45.0,1.555,0.78,88.0,10.0,0
6.6,1,920,172.0,2.469,0.72,24.0,14.0,1
4.6,0,326,100.0,3.096,0.4,79.0,34.705,0
6.7,1,797,145.0,1.151,1.02,37.0,20.0,1
5.8,0,523,72.0,1.437,1.12,131.0,16.0,0
1.89,0,55,82.0,0.09841,0.19,20.0,8.03,0
2.44,0,92,5.0,0.1287,0.07,192.0,11.96,0
5.0,0,385,82.0,4.831,0.65,73.0,10.0,0
5.7,0,555,147.0,8.396,0.74,39.0,75.0,0
1.93,0,57,22.0,0.04981,0.11,48.0,7.0,0
2.92,0,131,5.0,0.6414,0.29,259.0,23.75,0
3.8,0,222,13.0,0.5945,0.78,242.0,56.0,0
6.2,0,594,324.0,1.576,0.72,11.0,79.0,0
4.4,0,298,30.0,4.714,0.52,97.0,540.345,0
3.0,0,139,11.0,0.2157,0.15,195.0,49.35,0
4.0,0,246,20.0,2.435,0.32,125.0,214.656,0
4.6,0,326,19.0,0.651,0.53,199.0,10.0,0
6.4,1,643,125.0,1.792,0.96,65.0,35.0,1
4.0,0,246,59.0,0.839,0.54,183.0,33.894,0
3.8,0,222,23.0,0.898,0.69,219.0,35.0,0
4.4,0,298,28.0,1.617,0.83,96.0,210.942,0
5.2,0,416,131.0,7.296,0.49,69.0,10.0,1
4.8,0,354,32.0,35.154,0.33,68.0,10.0,0
3.4,0,193,12.0,0.747,0.24,87.0,5.03,0
6.6,1,670,131.0,4.998,0.65,27.0,624.464,1
6.1,0,1760,286.0,0.399,0.64,14.0,10.0,1
1.35,0,28,10.0,0.1188,0.1,92.0,11.36,0
6.2,0,596,108.0,4.56,0.61,22.0,23.844,1
3.0,0,138,58.0,0.089,0.73,48.0,0.0,0
6.0,0,555,88.0,2.061,0.79,76.0,13.0,0
6.0,0,555,103.0,1.498,0.99,47.0,13.0,1
2.1,0,68,37.0,0.135,0.45,51.0,9.77,0
5.3,0,432,101.0,2.103,0.53,59.0,46.818,1
2.6,0,104,13.0,1.028,0.51,150.0,0.0,0
1.15,0,20,61.0,0.07031,0.23,46.0,10.39,0
1.19,0,22,12.0,0.05215,0.07,65.0,10.18,0
6.3,0,1023,125.0,5.708,0.92,21.0,9.0,1
4.3,0,284,29.0,2.801,0.96,130.0,10.0,0
6.1,0,597,150.0,0.837,0.38,91.0,10.0,1
2.34,0,84,9.0,0.06361,0.2,143.0,14.29,0
5.0,0,385,127.0,1.367,0.79,111.0,25.692,1
1.82,0,51,8.0,0.6029,0.16,239.0,-0.51,0
1.35,0,28,44.0,0.1979611533,0.29,104.0,7.58,0
5.0,0,385,110.0,4.664,0.75,93.0,42.223,1
1.21,0,23,72.0,0.07055,0.16,21.0,15.93,0
1.0,0,15,15.0,0.011,0.1774,77.59,5.3,0
5.1,0,400,30.0,2.009,1.01,107.0,54.816,0
5.2,0,418,102.0,7.56,0.82,90.0,10.0,1
5.4,0,449,65.0,33.372,0.77,66.0,10.0,0
4.0,0,246,12.0,0.807,0.56,76.0,10.0,0
5.0,0,385,65.0,12.772,0.59,54.0,10.0,0
5.2,0,416,113.0,7.33,0.44,68.0,10.0,1
5.6,0,482,100.0,1.639,0.64,102.0,79.813,0
3.37,0,175,17.0,1.163,0.32,334.0,28.75,0
4.2,0,271,31.0,4.344,0.44,94.0,10.949,0
4.0,0,246,47.0,0.726,1.16,160.0,43.889,0
6.3,0,2497,146.0,1.387,0.95,26.0,16.0,1
7.1,0,848,131.0,2.297,0.7,34.0,34.0,1
5.0,0,385,111.0,4.209,0.81,57.0,45.557,1
2.3,0,81,12.0,0.1,0.3,71.0,6.8718,0
3.78,0,220,17.0,0.3435,0.5,271.0,8.0,0
4.0,0,246,23.0,3.642,0.68,81.0,576.008,0
3.1,0,148,22.0,0.737,0.49,213.0,10.0,0
4.0,0,246,18.0,1.932,0.47,129.0,83.898,0
1.63,0,41,43.0,0.08706,0.17,61.0,10.46,0
5.0,0,385,59.0,2.496,0.6,85.0,10.0,0
5.0,0,385,86.0,3.376,0.64,91.0,23.517,0
1.16,0,21,36.0,0.004161,0.07,33.0,2.4,0
2.7,0,112,14.0,0.41,0.31,176.0,67.816,0
6.0,0,554,268.0,2.664,0.61,18.0,20.0,1
3.3,0,168,45.0,0.998,0.59,61.0,0.0,0
2.09,0,67,4.0,0.06409,0.09,229.0,5.27,0
3.41,0,199,106.0,0.006625,0.06,27.0,2.08,0
6.1,1,574,126.0,0.862,0.69,52.0,20.0,1
4.2,0,271,22.0,2.641,0.69,54.0,339.45,0
4.5,0,312,14.0,3.103,0.5,115.0,154.099,0
5.4,0,449,42.0,1.722,0.97,81.0,35.0,0
3.3,0,168,44.0,1.773,1.07,107.0,0.0,0
2.69,0,112,37.0,0.1309,0.29,58.0,4.42,0
4.4,0,298,23.0,1.537,0.41,117.0,46.795,0
4.2,0,271,23.0,1.976,0.53,132.0,9.696,0
7.0,1,1364,152.0,5.276,0.6,22.0,33.729,1
1.1,0,19,16.0,0.01109,0.01,77.0,2.23,0
3.5,0,188,30.0,0.896,0.95,211.0,35.0,0
5.1,0,400,92.0,1.715,0.7,101.0,46.984,0
3.2,0,158,17.0,0.915,0.94,82.0,0.0,0
4.1,0,259,17.0,0.697,0.66,103.0,10.0,0
5.0,0,386,81.0,4.128,0.81,65.0,13.881,0
4.2,0,271,16.0,2.415,0.48,74.0,36.644,0
5.0,0,385,66.0,6.688,0.69,44.0,155.602,0
7.6,1,1284,128.0,1.668,0.98,43.0,40.0,1
5.0,0,385,133.0,1.657,0.67,56.0,87.186,0
5.2,0,416,102.0,2.541,1.15,60.0,10.0,1
5.7,0,634,212.0,0.666,1.06,24.0,54.0,1
4.6,0,326,200.0,1.428,0.69,28.0,522.98,0
1.0,0,15,10.0,0.012,0.1566,77.64,4.6,0
1.01,0,16,66.0,0.05561,0.2,37.0,14.18,0
7.0,1,759,324.0,1.747,0.68,8.0,10.0,1
5.0,0,385,87.0,1.836,0.7,67.0,71.731,0
5.0,0,385,87.0,5.698,0.8,49.0,125.59,0
4.2,0,271,18.0,3.082,0.72,150.0,35.0,0
3.43,0,181,8.0,0.6065,0.16,309.0,29.9,0
6.0,0,554,101.0,11.441,0.56,44.0,10.0,1
3.8,0,222,41.0,1.168,0.45,141.0,245.924,0
4.6,0,326,72.0,3.148,0.69,84.0,535.623,0
6.2,0,591,248.0,4.325,0.56,33.0,575.0,0
4.4,0,298,30.0,1.116,0.53,96.0,10.0,0
2.4,0,89,15.0,0.0,0.1,58.0,8.4453,0
5.4,0,449,96.0,1.569,0.52,79.0,51.478,0
1.08,0,18,13.0,0.0186,0.02,124.0,2.0,0
7.1,1,788,146.0,2.637,1.08,20.0,48.0,1
4.2,0,271,35.0,1.768,0.65,80.0,122.959,0
7.0,1,759,324.0,1.747,0.68,8.0,10.0,1
5.1,0,400,71.0,1.731,0.68,88.0,51.097,0
5.2,0,416,78.0,15.268,0.64,74.0,49.404,0
6.3,1,785,320.0,1.286,0.61,33.0,16.0,1
6.0,0,643,220.0,0.82,0.67,35.0,19.0,1
6.8,1,878,308.0,0.664,0.92,23.0,68.0,1
2.33,0,85,90.0,0.04273,0.16,43.0,12.83,0
6.4,1,639,101.0,1.261,0.73,100.0,4.0,1
6.2,0,591,102.0,2.919,0.5,37.0,9.0,1
4.2,0,271,14.0,1.97,0.61,124.0,40.766,0
4.1,0,259,23.0,1.788,0.6,139.0,89.342,0
5.8,0,519,173.0,2.396,0.78,62.0,12.0,1
2.9,0,130,29.0,0.2,0.2,69.0,8.1923,0
5.5,0,466,64.0,2.759,0.65,37.0,10.0,0
4.6,0,326,24.0,7.291,0.54,100.0,10.0,0
4.0,0,246,20.0,0.989,0.95,175.0,38.072,0
4.2,0,271,16.0,3.82,1.17,136.0,201.365,0
3.2,0,200,39.0,0.543,0.37,89.0,9.428,0
5.1,0,400,158.0,1.983,0.44,36.0,62.979,1
3.9,0,234,34.0,1.255,0.89,151.0,40.564,0
5.3,0,432,124.0,3.304,0.67,24.0,10.0,1
5.5,0,465,133.0,1.829,0.59,68.0,26.181,1
4.7,0,340,41.0,9.067,0.91,103.0,10.0,0
5.4,0,449,56.0,1.651,0.7,84.0,60.468,0
4.6,0,326,64.0,1.556,0.99,219.0,35.0,0
3.0,0,138,13.0,0.832,0.44,250.0,10.0,0
4.2,0,271,38.0,0.452,0.53,100.0,193.928,0
4.1,0,259,35.0,9.223,0.98,142.0,660.826,0
2.4,0,89,12.0,0.2,0.3,85.0,8.119,0
3.62,0,202,8.0,1.3876,0.28,312.0,37.0,0
5.5,0,465,101.0,1.898,0.71,43.0,39.402,1
4.4,0,298,39.0,1.665,0.68,93.0,17.868,0
4.5,0,312,29.0,5.38,0.56,198.0,235.649,0
4.6,0,326,92.0,1.455,0.83,86.0,230.316,0
1.7,0,45,25.0,0.019,0.1582,80.23,5.8,0
5.9,0,536,85.0,3.93,0.48,61.0,10.0,0
5.3,0,432,123.0,1.735,1.1,45.0,66.931,1
5.3,0,432,117.0,2.031,0.88,43.0,47.433,1
4.7,0,378,149.0,0.689,0.73,15.0,10.239,0
3.5,0,189,31.0,1.116,0.4,48.0,11.457,0
2.6,0,104,30.0,1.479,0.27,235.0,10.0,0
6.1,0,572,297.0,2.58,0.59,18.0,137.0,0
1.1,0,19,15.0,0.016,0.1594,78.15,5.8,0
3.21,0,159,13.0,0.8093,0.37,291.0,12.1,0
6.1,0,583,145.0,1.341,0.85,38.0,84.0,0
2.1,0,68,92.0,0.08728287212,0.17,43.0,5.04,0
3.6,0,203,19.0,0.1,0.2,80.0,8.6325,0
2.6,0,104,19.0,0.0,0.3,42.0,7.2627,0
6.0,0,554,115.0,1.145,0.75,34.0,131.0,0
3.1,0,148,16.0,0.269,0.37,193.0,122.028,0
5.4,0,449,78.0,2.143,0.73,88.0,42.849,0
6.2,0,591,150.0,5.963,0.62,24.0,21.0,1
3.78,0,220,13.0,0.5144,0.44,221.0,9.0,0
1.16,0,21,22.0,0.04174,0.19,158.0,9.17,0
5.4,0,477,228.0,1.869,1.14,30.0,39.269,1
6.1,0,573,83.0,1.978,1.19,29.0,10.0,0
5.3,0,433,160.0,1.679,0.6,24.0,48.605,1
4.4,0,298,14.0,1.873,0.51,118.0,10.0,0
5.1,0,400,76.0,1.641,0.68,106.0,73.552,0
4.3,0,284,13.0,8.158,0.54,113.0,10.0,0
1.9,0,56,15.0,0.1,0.3,90.0,2.8123,0
4.6,0,326,45.0,22.587,0.74,68.0,10.0,0
4.0,0,246,9.0,8.331,0.29,145.0,10.0,0
4.5,0,312,26.0,1.51,1.13,116.0,94.234,0
6.1,0,572,186.0,1.572,0.75,37.0,9.969,1
3.87,0,230,18.0,0.6014,0.58,252.0,10.0,0
4.5,0,312,48.0,1.202,0.74,100.0,51.324,0
3.8,0,222,25.0,2.371,1.0,93.0,10.0,0
3.5,0,188,12.0,0.3795,0.56,229.0,97.0,0
4.4,0,298,46.0,3.455,0.54,49.0,540.654,0
5.1,0,400,129.0,1.745,0.62,79.0,57.413,1
5.1,0,400,83.0,4.573,0.66,65.0,10.0,0
3.0,0,138,17.0,0.451,0.25,229.0,56.548,0
1.24,0,24,45.0,0.004597,0.05,59.0,1.68,0
6.7,1,691,249.0,3.94,0.73,19.0,55.0,1
6.0,0,554,105.0,0.784,1.0,56.0,19.0,1
3.7,0,211,10.0,1.2764,0.31,323.0,34.0,0
5.5,0,465,72.0,1.825,0.75,81.0,66.805,0
4.4,0,298,101.0,0.855,0.85,67.0,272.88,0
1.74,0,47,83.0,0.07354,0.21,20.0,10.98,0
1.0,0,15,14.0,0.015,0.1518,78.68,5.7,0
4.1,0,259,22.0,5.698,0.74,104.0,505.096,0
5.4,0,449,43.0,2.071,0.47,63.0,39.126,0
6.4,0,641,249.0,1.618,0.91,23.0,228.0,1
5.1,0,400,166.0,1.998,0.65,67.0,35.0,1
6.3,1,611,158.0,5.689,0.38,80.0,15.0,1
3.0,0,138,17.0,0.755,0.33,238.0,35.0,0
3.3,0,168,56.0,1.997,0.56,237.0,10.0,0
5.0,0,385,120.0,1.639,0.68,81.0,39.383,1
1.49,0,34,69.0,0.03977,0.18,21.0,11.63,0
3.0,0,138,13.0,1.155,1.12,135.0,0.0,0
1.1,0,19,25.0,0.008612,0.01,34.0,3.16,0
6.1,0,576,188.0,2.528,0.58,23.0,8.0,1
5.3,0,432,176.0,2.054,0.86,69.0,14.62,1
4.0,0,246,9.0,8.331,0.29,145.0,10.0,0
6.3,0,611,112.0,10.516,0.95,35.0,10.0,1
1.02,0,16,14.0,0.006422,0.01,69.0,1.94,0
6.6,0,1048,141.0,8.454,0.52,34.0,12.0,1
5.8,0,518,420.0,1.088,0.64,14.0,41.862,1
5.1,0,400,98.0,2.032,0.49,34.0,62.909,0
4.2,0,271,48.0,2.814,0.74,170.0,155.813,0
2.1,0,68,7.0,1.084,0.25,143.0,1.1,0
1.3,0,26,18.0,0.03901,0.05,85.0,7.82,0
4.8,0,354,83.0,1.941,0.71,82.0,58.852,0
4.4,0,298,17.0,11.792,0.71,73.0,10.0,0
5.6,0,482,110.0,3.573,0.83,42.0,95.0,0
5.0,0,385,64.0,4.804,1.02,42.0,10.0,0
3.8,0,222,49.0,2.545,0.54,184.0,13.587,0
2.56,0,101,14.0,0.1071,0.17,93.0,14.76,0
3.0,0,138,36.0,1.03,0.44,217.0,35.0,0
6.0,0,554,113.0,5.17,0.94,23.0,587.56,0
4.6,0,326,31.0,7.419,0.97,97.0,10.0,0
3.41,0,179,40.0,0.6376,0.28,215.0,32.57,0
2.26,0,79,24.0,0.05227,0.36,53.0,3.81,0
3.5,0,188,18.0,0.623,0.4,209.0,28.818,0
4.5,0,312,27.0,2.313,0.7,105.0,35.0,0
2.44,0,92,34.0,0.04324,0.34,43.0,5.33,0
1.02,0,16,8.0,0.01315,0.01,114.0,1.45,0
6.3,0,629,165.0,2.324,0.84,21.0,176.0,1
4.8,0,354,74.0,2.399,0.72,117.0,24.42,0
6.8,1,712,213.0,6.355,0.86,30.0,10.0,1
7.0,1,757,141.0,1.976,0.95,21.0,29.708,1
5.3,0,432,29.0,1.859,0.75,122.0,66.337,0
5.5,0,465,34.0,27.005,0.74,113.0,10.0,0
1.6,0,40,21.0,0.02,0.1694,80.87,6.2,0
2.0,0,62,16.0,0.4331,0.17,80.0,6.27,0
3.93,0,238,13.0,0.9695,0.56,288.0,58.0,0
5.0,0,385,82.0,2.291,0.76,62.0,13.191,0
6.1,0,578,208.0,1.877,1.27,38.0,42.0,1
4.0,0,246,18.0,1.932,0.47,129.0,83.898,0
4.5,0,312,31.0,6.856,0.53,80.0,10.0,0
5.0,0,387,86.0,5.954,0.71,39.0,39.974,0
5.3,0,432,85.0,7.202,0.51,24.0,10.0,0
6.4,0,658,349.0,1.556,0.86,37.0,252.0,1
1.6,0,39,20.0,0.0,0.1,68.0,6.71,0
5.0,0,385,263.0,8.757,0.66,36.0,10.0,1
4.7,0,340,88.0,17.567,0.51,105.0,10.0,0
3.1,0,148,20.0,0.138,0.27,245.0,122.296,0
5.3,0,432,88.0,7.716,0.55,49.0,10.0,0
7.0,1,762,192.0,2.977,0.65,45.0,137.0,1
4.6,0,326,24.0,1.977,1.11,60.0,30.121,0
1.84,0,52,19.0,0.2756,0.15,87.0,5.78,0
5.6,0,482,80.0,1.951,0.55,48.0,8.0,0
4.4,0,298,38.0,6.35,0.73,127.0,10.0,0
7.0,0,827,203.0,1.885,0.71,31.0,597.0,1
3.65,0,205,17.0,0.5184,0.66,234.0,5.0,0
6.4,1,725,124.0,5.137,0.55,25.0,6.0,1
2.5,0,96,11.0,1.024,0.28,259.0,35.0,0
5.4,0,449,112.0,2.143,0.8,81.0,28.046,1
4.4,0,298,24.0,0.604,1.17,104.0,12.737,0
3.0,0,138,22.0,1.157,0.36,237.0,27.883,0
6.7,1,692,106.0,5.74,0.82,29.0,10.0,1
5.1,0,404,119.0,3.023,0.97,32.0,10.0,1
3.05,0,153,85.0,0.06854,0.15,28.0,3.66,0
4.9,0,369,127.0,2.873,0.72,65.0,430.798,0
4.5,0,312,24.0,2.052,0.6,128.0,10.0,0
5.2,0,416,102.0,8.504,0.74,24.0,11.357,1
6.7,1,691,155.0,4.737,0.69,19.0,580.0,1
5.0,0,385,67.0,4.105,0.81,50.0,57.124,0
5.4,0,464,205.0,1.552,0.83,91.0,78.238,0
4.6,0,326,40.0,1.19,0.68,89.0,39.342,0
4.2,0,271,20.0,4.635,0.39,102.0,158.874,0
7.1,1,777,235.0,2.904,0.72,15.0,27.309,1
4.6,0,326,81.0,2.407,0.84,84.0,10.0,0
5.2,0,416,153.0,2.527,0.87,79.0,15.348,1
4.6,0,326,69.0,5.34,0.75,72.0,516.492,0
3.02,0,140,10.0,0.03169,0.11,262.0,7.05,0
2.15,0,71,13.0,0.03228,0.12,55.0,24.94,0
6.3,0,629,151.0,1.107,0.56,52.0,26.0,1
2.3,0,81,17.0,0.1,0.1,71.0,8.6814,0
3.4,0,178,18.0,0.887,0.63,213.0,35.0,0
5.0,0,385,43.0,1.883,0.9,115.0,24.727,0
3.2,0,158,49.0,0.857,0.67,213.0,35.0,0
4.0,0,246,19.0,0.902,0.41,90.0,75.66,0
1.83,0,52,16.0,0.1851,0.16,211.0,0.08,0
5.2,0,416,71.0,2.034,0.9,121.0,32.871,0
4.8,0,355,44.0,0.95,0.79,147.0,62.641,0
5.7,0,500,86.0,2.066,0.36,70.0,11.0,0
4.2,0,271,39.0,0.891,0.97,114.0,10.0,0
5.0,0,385,101.0,10.029,0.69,59.0,15.419,1
1.0,0,15,5.0,0.086,0.37,156.0,5.0,0
2.3,0,81,15.0,0.0,0.2,69.0,9.8335,0
4.1,0,259,18.0,3.93,0.5,159.0,518.646,0
5.1,0,400,99.0,2.215,0.4,113.0,10.0,0
1.1,0,19,13.0,0.015,0.1779,79.43,6.0,0
5.0,0,385,88.0,1.738,0.96,103.0,51.88,0
5.2,0,416,65.0,12.63,0.77,54.0,10.0,0
4.2,0,271,28.0,17.154,0.79,107.0,123.949,0
1.06,0,17,12.0,0.2616,0.14,80.0,4.17,0
3.1,0,148,20.0,0.194,0.18,189.0,134.189,0
3.7,0,211,14.0,0.296,0.52,93.0,10.0,0
2.22,0,76,13.0,0.1032,0.25,180.0,13.01,0
4.3,0,284,22.0,4.427,0.35,104.0,561.074,0
3.18,0,156,49.0,0.1121,0.16,39.0,2.76,0
1.6,0,39,12.0,0.066,0.1486,93.29,0.7,0
5.2,0,417,76.0,2.344,0.57,87.0,10.0,0
4.7,0,340,38.0,6.167,0.87,129.0,136.901,0
7.0,1,796,154.0,3.044,0.83,20.0,70.0,1
4.0,0,246,21.0,2.54,1.05,68.0,495.388,0
3.3,0,168,40.0,2.645,0.64,196.0,10.0,0
3.0,0,138,23.0,0.037,0.98,83.0,7.443,0
3.1,0,148,12.0,0.43,0.26,295.0,10.0,0
2.23,0,77,84.0,0.004411,0.06,21.0,2.68,0
5.2,0,421,145.0,0.948,0.82,54.0,35.0,1
4.7,0,340,178.0,0.677,0.66,86.0,62.994,0
4.2,0,271,66.0,1.868,0.56,162.0,28.984,0
6.2,0,592,64.0,11.532,0.85,43.0,10.0,0
1.2,0,22,19.0,0.018,0.1436,79.85,5.4,0
3.9,0,234,41.0,0.453,0.43,128.0,215.901,0
2.51,0,97,5.0,0.24,0.05,319.0,12.07,0
2.57,0,102,11.0,0.1893,0.15,170.0,37.31,0
3.0,0,138,20.0,1.21,0.43,221.0,10.0,0
6.0,0,555,92.0,0.613,0.7,25.0,10.0,0
4.5,0,312,13.0,34.789,0.17,101.0,10.0,0
6.3,0,620,184.0,3.972,0.49,11.0,213.0,1
3.3,0,168,13.0,0.83,0.46,243.0,10.0,0
4.6,0,326,59.0,3.315,0.55,88.0,10.0,0
2.4,0,89,7.0,0.841,0.67,127.0,0.0,0
4.4,0,298,49.0,18.253,0.74,78.0,10.0,0
2.0,0,62,14.0,0.0,0.1,75.0,7.2627,0
5.3,0,432,166.0,1.825,0.52,49.0,22.227,1
5.0,0,385,120.0,13.347,0.53,61.0,10.0,1
3.8,0,423,80.0,0.03771,0.19,58.0,11.2,0
5.7,0,500,100.0,1.836,0.92,79.0,46.557,1
4.0,0,246,28.0,0.762,0.71,136.0,168.877,0
3.3,0,168,58.0,0.902,0.74,212.0,35.0,0
5.2,0,416,34.0,1.732,0.65,116.0,10.515,0
4.1,0,259,20.0,3.258,0.33,124.0,55.513,0
5.0,0,385,63.0,1.969,1.04,70.0,10.0,0
6.8,1,720,152.0,2.587,0.66,26.0,38.0,1
6.0,0,554,167.0,9.017,0.68,40.0,10.0,1
6.8,0,2710,380.0,0.988,0.67,22.0,19.0,1
7.6,1,1799,271.0,1.153,0.76,69.0,26.943,1
4.3,0,284,21.0,1.894,0.78,64.0,31.805,0
5.0,0,385,117.0,2.327,0.67,94.0,12.689,1
6.1,0,572,215.0,13.319,0.72,30.0,10.0,1
3.8,0,222,45.0,0.2,0.86,138.0,71.691,0
5.2,0,416,69.0,2.755,1.09,51.0,189.669,0
6.2,0,596,118.0,2.498,0.64,23.0,17.0,1
1.39,0,30,42.0,0.01205,0.06,30.0,0.27,0
3.9,0,234,74.0,0.884,1.08,141.0,10.0,0
5.25,0,504,20.0,0.4432,0.46,224.0,10.0,0
5.0,0,385,136.0,2.005,0.61,34.0,63.906,1
6.0,0,554,257.0,3.192,0.36,27.0,10.0,1
3.52,0,204,65.0,0.1243,0.19,34.0,5.21,0
3.8,0,223,52.0,0.397,0.56,155.0,51.541,0
6.1,0,572,120.0,0.919,1.07,34.0,354.0,0
5.0,0,385,58.0,2.61,0.65,53.0,10.0,0
4.2,0,271,28.0,3.903,0.41,93.0,105.25,0
3.2,0,158,52.0,0.402,0.4,38.0,71.33,0
4.0,0,246,14.0,3.243,0.88,162.0,121.675,0
6.2,0,613,113.0,0.728,1.09,30.0,112.0,1
2.5,0,96,13.0,0.0,0.1,57.0,6.7486,0
5.0,0,385,139.0,1.836,0.98,81.0,45.738,1
3.1,0,154,27.0,0.712,0.29,74.0,3.16,0
5.0,0,385,87.0,5.698,0.8,49.0,125.59,0
4.3,0,285,77.0,0.771,1.43,162.0,35.0,0
6.2,0,609,184.0,3.253,0.79,70.0,93.0,1
3.6,0,199,35.0,0.993,0.78,176.0,10.0,0
4.2,0,271,19.0,2.125,0.57,164.0,228.921,0
4.0,0,247,17.0,0.294,0.63,132.0,86.524,0
6.0,0,653,65.0,1.111,0.88,63.0,10.0,1
6.1,0,576,101.0,5.93,0.57,25.0,125.0,0
5.1,0,400,308.0,7.28,0.46,14.0,10.0,1
5.6,0,482,88.0,5.35,0.63,43.0,109.596,0
2.04,0,64,4.0,0.09742,0.04,277.0,9.7,0
3.2,0,158,14.0,0.8371,0.28,246.0,20.5,0
6.2,0,596,287.0,6.621,0.49,25.0,10.0,1
3.42,0,187,54.0,0.1232,0.14,43.0,4.46,0
3.07,0,328,49.0,0.5258,0.25,51.0,16.71,0
4.5,0,312,32.0,2.875,0.51,96.0,105.809,0
7.7,1,928,278.0,3.096,0.89,15.0,18.053,1
3.32,0,171,35.0,0.1111,0.17,80.0,2.57,0
2.1,0,68,26.0,0.0,0.1,53.0,7.8411,0
5.1,0,400,62.0,4.799,0.69,83.0,20.3,0
2.0,0,62,28.0,0.0,0.3,82.0,7.1599,0
2.1,0,68,16.0,0.0,0.2,47.0,7.674,0
5.0,0,385,81.0,1.978,0.62,81.0,58.011,0
4.6,0,327,73.0,0.961,0.93,30.0,10.0,0
6.9,1,789,151.0,2.148,0.93,25.0,20.0,1
1.1,0,19,18.0,0.00718,0.04,47.0,0.13,0
6.4,1,1780,38.0,0.0818,0.18,214.0,17.91,0
3.6,0,199,28.0,0.159,0.29,126.0,223.235,0
7.0,1,755,142.0,4.578,0.66,26.0,660.0,1
3.6,0,200,21.0,0.888,0.47,139.0,10.0,0
6.4,0,649,257.0,1.801,0.88,23.0,113.0,1
4.7,0,341,105.0,0.727,0.59,57.0,39.509,0
3.8,0,228,29.0,1.455,0.54,38.0,10.0,0
4.6,0,326,81.0,1.16,0.72,135.0,22.866,0
6.5,1,653,70.0,5.522,1.23,45.0,17.0,1
4.3,0,284,20.0,2.626,0.63,161.0,10.0,0
5.5,0,466,78.0,1.617,0.99,54.0,46.342,0
5.1,0,400,52.0,0.56,0.78,36.0,10.0,0
2.59,0,103,41.0,0.1302,0.29,60.0,1.07,0
5.6,0,482,58.0,27.705,0.65,43.0,10.0,0
3.8,0,222,34.0,0.516,0.24,177.0,77.29,0
5.4,0,449,131.0,2.239,0.59,67.0,16.406,1
5.7,0,591,26.0,0.5198,0.21,222.0,7.0,0
4.7,0,340,43.0,3.745,0.63,85.0,154.522,0
5.0,0,385,151.0,1.964,0.6,59.0,57.067,1
4.0,0,246,41.0,0.888,0.75,72.0,261.057,0
6.5,1,654,248.0,3.482,0.5,15.0,10.0,1
4.9,0,369,83.0,1.799,0.73,120.0,10.0,0
7.0,1,755,142.0,4.578,0.66,26.0,660.0,1
4.6,0,326,12.0,13.061,0.55,103.0,10.0,0
5.3,0,432,179.0,7.722,0.71,32.0,10.0,1
3.45,0,183,13.0,0.7455,0.41,239.0,24.0,0
5.2,0,416,90.0,1.71,0.71,88.0,45.377,0
5.5,0,465,466.0,2.773,0.63,51.0,191.769,0
5.1,0,401,132.0,1.732,0.67,81.0,59.285,1
5.3,0,432,104.0,2.095,0.48,68.0,55.451,1
3.05,0,143,26.0,0.04869,0.14,176.0,10.76,0
3.2,0,158,18.0,0.549,0.38,226.0,49.332,0
1.08,0,18,20.0,0.01116,0.02,46.0,2.56,0
5.1,0,403,130.0,1.819,0.63,65.0,42.549,1
2.3,0,81,19.0,0.0,0.3,74.0,9.6536,0
1.5,0,35,16.0,0.0,0.1,66.0,6.71,0
2.06,0,65,75.0,0.05699,0.16,38.0,4.13,0
6.3,0,611,107.0,4.424,0.5,20.0,603.79,1
3.0,0,138,16.0,0.312,0.18,242.0,73.951,0
3.58,0,197,11.0,0.5291,0.56,297.0,5.0,0
6.0,0,556,126.0,1.345,0.63,52.0,12.0,1
3.93,0,238,12.0,1.5115,0.56,311.0,45.0,0
4.9,0,369,44.0,3.39,0.71,123.0,10.0,0
1.8,0,50,28.0,0.0,0.1,42.0,7.6355,0
6.1,1,573,221.0,3.891,0.56,23.0,4.0,1
6.5,0,1350,164.0,2.512,0.94,12.0,192.0,1
3.0,0,138,17.0,0.989,0.23,198.0,35.0,0
1.6,0,39,14.0,0.2,0.2,73.0,3.6893,0
1.1,0,19,14.0,0.009,0.1889,76.82,5.5,0
5.0,0,385,46.0,3.555,0.66,151.0,10.0,0
4.3,0,284,42.0,1.087,0.52,164.0,48.231,0
1.41,0,31,15.0,0.1129,0.06,133.0,1.51,0
4.1,0,259,71.0,1.137,0.48,167.0,10.0,0
2.3,0,81,15.0,0.0,0.2,66.0,8.2396,0
1.1,0,19,15.0,0.008,0.1993,76.34,5.3,0
5.1,0,400,62.0,7.275,1.2,49.0,10.0,0
3.5,0,188,25.0,0.267,0.35,195.0,55.041,0
6.1,0,572,54.0,2.298,0.35,60.0,22.0,0
6.3,0,1014,279.0,5.872,0.58,43.0,14.0,1
6.3,0,2037,423.0,4.645,0.7,21.0,8.0,1
6.3,0,613,114.0,7.278,0.65,28.0,79.0,1
6.0,0,554,93.0,9.501,0.96,27.0,10.0,0
3.3,0,168,22.0,0.0,0.1,50.0,7.1599,0
3.1,0,148,30.0,1.943,0.62,214.0,10.0,0
6.3,0,611,138.0,3.934,0.86,52.0,14.778,1
5.5,0,465,120.0,1.837,0.79,67.0,66.391,1
5.5,0,465,49.0,6.23,0.8,63.0,10.0,0
5.3,0,432,90.0,3.551,0.87,20.0,73.469,0
2.45,0,92,13.0,0.1873,0.21,154.0,33.34,0
5.1,0,401,97.0,1.605,0.93,64.0,41.829,0
3.0,0,138,17.0,0.451,0.25,229.0,56.548,0
2.5,0,96,16.0,0.631,0.66,219.0,35.0,0
1.38,0,29,71.0,0.008652,0.2,18.0,5.38,0
7.6,0,957,113.0,1.574,0.8,21.0,104.95,1
1.18,0,21,65.0,0.09902,0.2,34.0,7.01,0
1.62,0,40,71.0,0.08694,0.17,27.0,10.1,0
4.0,0,246,34.0,1.047,0.8,98.0,35.08,0
3.8,0,222,19.0,3.775,0.81,110.0,145.487,0
5.2,0,416,34.0,2.282,0.67,54.0,10.0,0
6.9,0,753,272.0,4.032,0.6,18.0,52.0,1
3.0,0,138,13.0,0.082,0.13,187.0,76.844,0
3.43,0,561,114.0,0.02614,0.26,80.0,13.03,0
4.4,0,298,27.0,2.066,0.48,139.0,60.612,0
5.1,0,400,52.0,1.118,1.03,37.0,61.048,0
6.5,0,651,82.0,2.887,0.82,33.0,10.0,1
4.2,0,271,22.0,5.16,0.38,144.0,10.0,0
5.1,0,400,67.0,2.318,0.49,132.0,18.531,0
6.2,0,622,115.0,0.738,0.72,42.0,45.258,1
2.8,0,121,16.0,0.425,0.26,238.0,35.0,0
4.4,0,298,32.0,3.821,0.8,148.0,123.396,0
6.0,0,567,146.0,1.6,0.69,32.0,55.0,1
6.3,0,614,345.0,3.134,0.59,11.0,405.0,1
3.0,0,138,13.0,1.155,1.12,135.0,0.0,0
3.54,0,193,10.0,0.9559,0.59,240.0,81.0,0
4.2,0,271,50.0,6.384,1.06,84.0,10.0,0
1.8,0,50,24.0,0.0,0.2,55.0,6.093,0
5.7,0,500,178.0,2.277,0.47,79.0,19.697,1
1.7,0,44,16.0,0.0,0.1,71.0,5.4632,0
2.6,0,104,16.0,0.498,0.41,222.0,35.0,0
6.4,0,631,247.0,6.594,0.63,39.0,10.0,1
3.5,0,188,21.0,1.064,0.29,75.0,0.0,0
6.3,1,612,355.0,0.174,0.66,10.0,105.0,1
4.3,0,284,40.0,1.295,0.55,65.0,48.033,0
2.23,0,77,6.0,0.08542,0.09,239.0,12.84,0
4.0,0,246,27.0,0.368,0.44,159.0,35.0,0
5.2,0,416,96.0,15.826,0.66,44.0,33.827,0
6.2,1,591,120.0,2.408,0.94,24.0,16.0,1
3.4,0,178,36.0,2.758,0.49,283.0,10.0,0
4.3,0,284,25.0,1.508,0.28,71.0,198.296,0
6.9,1,890,215.0,0.401,0.58,34.0,10.0,1
3.3,0,168,5.0,0.7986,0.08,305.0,16.71,0
5.3,0,432,117.0,5.573,0.83,47.0,539.164,0
6.2,0,693,127.0,1.235,0.64,32.0,10.0,1
1.7,0,44,26.0,0.0,0.1,65.0,7.4812,0
4.3,0,285,27.0,0.105,0.75,66.0,100.609,0
2.03,0,63,100.0,0.009959,0.18,21.0,13.44,0
6.0,0,554,132.0,1.02,0.72,23.0,102.0,0
5.2,0,417,87.0,1.845,0.66,49.0,56.601,0
3.3,0,168,18.0,0.733,0.49,245.0,34.429,0
3.3,0,168,31.0,0.463,0.63,173.0,183.426,0
2.41,0,105,107.0,0.01797,0.2,21.0,16.5,0
6.3,0,611,225.0,1.916,0.71,15.0,46.378,1
6.9,0,735,99.0,2.229,0.52,34.0,25.0,1
2.52,0,98,111.0,0.06462,0.19,16.0,15.68,0
6.2,0,602,289.0,2.439,0.59,23.0,158.0,1
3.3,0,168,16.0,0.964,0.31,257.0,35.0,0
5.7,0,500,57.0,9.017,0.88,138.0,10.0,0
5.0,0,385,142.0,1.73,0.66,45.0,78.239,0
1.5,0,35,16.0,0.0,0.1,59.0,1.9669,0
4.0,0,246,11.0,1.209,0.65,93.0,10.0,0
5.8,0,520,123.0,2.934,0.52,49.0,11.0,1
6.0,0,555,88.0,2.061,0.79,76.0,13.0,0
6.6,1,672,68.0,5.293,0.61,34.0,30.0,1
6.1,0,575,177.0,3.022,0.56,32.0,39.742,1
2.9,0,129,45.0,0.0,0.1,40.0,7.6355,0
4.2,0,271,26.0,1.492,0.38,71.0,196.246,0
2.19,0,74,29.0,0.1333,0.24,65.0,3.17,0
6.1,0,573,90.0,2.667,0.51,47.0,10.0,0
7.0,1,762,192.0,2.977,0.65,45.0,137.0,1
5.1,0,400,152.0,2.354,0.61,70.0,10.0,1
6.3,1,612,190.0,1.412,0.81,15.0,33.0,1
1.63,0,41,85.0,0.0518,0.17,21.0,12.77,0
1.8,0,50,27.0,0.0,0.2,65.0,6.0159,0
5.2,0,416,84.0,1.759,0.86,57.0,65.313,0
4.3,0,284,49.0,4.954,0.7,180.0,35.0,0
6.1,0,579,258.0,6.023,0.88,13.0,51.0,1
4.2,0,271,30.0,6.196,0.59,124.0,132.41,0
3.0,0,138,23.0,0.732,0.59,218.0,35.0,0
5.0,0,385,70.0,4.14,0.8,66.0,10.0,0
5.4,0,449,189.0,1.828,0.73,28.0,48.935,1
6.0,0,590,452.0,10.528,0.65,23.0,10.0,1
4.5,0,312,48.0,13.162,0.97,110.0,10.0,0
6.3,0,613,141.0,2.607,0.89,27.0,92.0,1
4.0,0,246,56.0,0.571,0.73,157.0,38.114,0
6.6,0,901,134.0,1.61,0.63,18.0,186.0,1
4.1,0,259,28.0,0.892,0.6,218.0,38.777,0
4.2,0,271,18.0,2.523,0.73,162.0,54.212,0
4.7,0,340,22.0,23.694,0.57,169.0,10.0,0
5.6,0,482,204.0,2.901,0.62,48.0,48.536,1
1.23,0,23,79.0,0.0863830487,0.33,43.0,6.87,0
4.4,0,298,48.0,4.573,0.58,199.0,35.0,0
5.1,0,400,100.0,4.44,0.51,46.0,10.0,1
5.1,0,400,120.0,1.85,0.99,79.0,58.768,1
2.32,0,83,10.0,0.09963,0.26,155.0,5.17,0
4.4,0,298,33.0,0.933,0.86,80.0,10.0,0
3.23,0,161,9.0,0.9004,0.1,297.0,28.86,0
7.0,0,827,203.0,1.885,0.71,31.0,597.0,1
6.6,0,671,127.0,5.212,0.9,46.0,563.0,1
6.0,0,556,123.0,1.774,0.81,35.0,253.0,0
6.0,0,692,115.0,0.157,1.07,25.0,10.0,1
5.6,0,482,55.0,4.305,0.97,36.0,35.0,0
5.7,0,500,83.0,4.617,0.7,37.0,48.106,0
5.7,0,500,131.0,13.052,0.61,57.0,10.0,1
5.5,0,466,114.0,1.165,1.32,65.0,30.176,1
6.8,1,741,139.0,0.994,1.19,26.0,36.0,1
6.2,0,1005,94.0,2.268,1.48,70.0,34.0,1
5.6,0,483,82.0,2.036,1.33,55.0,16.31,0
5.8,0,544,158.0,0.31,1.11,117.0,94.454,0
5.7,0,650,92.0,5.246,0.71,57.0,10.0,1
5.6,0,485,110.0,1.949,0.71,58.0,377.52,0
7.1,0,2781,116.0,10.085,0.8,26.0,10.0,1
6.2,0,720,119.0,0.695,0.81,79.0,49.452,1
5.7,0,669,111.0,3.342,0.95,36.0,8.0,1
5.5,0,481,130.0,3.255,0.5,59.0,10.0,1
5.5,0,465,135.0,7.395,0.71,38.0,99.0,0
6.1,0,606,103.0,0.135,1.14,58.0,99.0,1
5.5,0,465,38.0,8.204,0.83,133.0,10.0,0
6.1,0,572,165.0,5.948,0.63,28.0,83.014,0
5.6,0,483,48.0,2.456,1.31,81.0,10.0,0
5.5,0,466,44.0,0.642,1.11,72.0,10.0,0
5.5,0,468,65.0,0.711,1.06,142.0,10.0,0
5.5,0,473,115.0,4.337,1.02,48.0,34.0,1
5.5,0,465,100.0,4.716,0.67,78.0,542.804,0
5.6,0,482,72.0,18.999,0.58,86.0,10.0,0
5.5,0,473,108.0,2.595,1.23,33.0,56.092,1
6.8,1,712,117.0,5.785,0.88,38.0,146.0,1
5.9,0,536,112.0,11.314,0.68,98.0,10.0,1
5.8,0,518,106.0,3.103,0.84,92.0,10.0,1
5.6,0,482,99.0,3.949,0.91,31.0,458.796,0
5.9,0,536,139.0,2.731,0.67,22.0,138.0,0
5.9,0,602,55.0,0.112,0.81,50.0,22.241,1
